Hours,Interval,Period,Trial,Cage ,Urchins,Level,Detail,Treatment,Kelp_Ind,Drift_Initial,Drift_Remaining,Kelp_Initial,Kelp_Remaining
44,48,1,1,1,20,5,5L,Low,1,150,100,215,210
44,48,1,1,2,20,2,2H,High,2,60,50,330,250
44,48,1,1,3,20,1,1H,High,2,40,30,415,360
44,48,1,1,4,20,High_Control,H_Cntrl,High_Control,2,20,20,375,350
44,48,1,1,5,20,3,3L,Low,1,75,25,130,115
44,48,1,1,6,20,4,4L,Low,1,110,60,115,110
44,48,1,1,7,20,6,6H,High,2,190,155,390,390
44,48,1,1,8,20,Low_Control,L_Cntrl,Low_Control,1,20,20,215,170
44,48,1,1,9,20,7,7L,Low,1,240,190,120,120
44,48,1,1,10,20,3,3H,High,2,80,38,400,320
44,48,1,1,11,20,7,7H,High,2,230,190,320,275
44,48,1,1,12,20,Drift_Control,D_Cntrl,Drift_Control,0,85,50,80,80
44,48,1,1,13,20,1,1L,Low,1,38,25,215,82
44,48,1,1,14,20,8,8H,High,2,270,225,250,235
NA,48,1,1,15,NA,8,8L,Low,1,NA,NA,NA,NA
44,48,1,1,16,20,2,2L,Low,1,60,30,160,115
NA,48,1,1,17,NA,4,4H,High,2,NA,NA,NA,NA
44,48,1,1,18,20,6,6L,Low,1,180,100,150,140
44,48,1,1,19,20,Urchin_Control,U_Cntrl,Urchin_Control,0,20,20,80,80
44,48,1,1,20,20,5,5H,High,2,155,95,320,270
88,48,2,1,1,20,5,5L,Low,1,140,125,205,205
88,48,2,1,2,20,2,2H,High,2,60,40,250,200
88,48,2,1,3,20,1,1H,High,2,55,40,345,320
88,48,2,1,4,20,High_Control,H_Cntrl,High_Control,2,20,20,290,230
88,48,2,1,5,20,3,3L,Low,1,90,70,115,100
88,48,2,1,6,20,4,4L,Low,1,100,80,110,100
NA,48,2,1,7,NA,6,6H,High,2,NA,NA,NA,NA
88,48,2,1,8,20,Low_Control,L_Cntrl,Low_Control,1,20,20,140,100
88,48,2,1,9,20,7,7L,Low,1,235,180,120,110
88,48,2,1,10,20,3,3H,High,2,65,35,320,210
NA,48,2,1,11,NA,7,7H,High,2,NA,NA,NA,NA
88,48,2,1,12,20,Drift_Control,D_Cntrl,Drift_Control,0,100,40,80,80
88,48,2,1,13,20,1,1L,Low,1,60,30,190,160
88,48,2,1,14,20,8,8H,High,2,255,200,235,230
88,48,2,1,15,20,8,8L,Low,1,350,290,170,160
88,48,2,1,16,20,2,2L,Low,1,70,40,100,90
88,48,2,1,17,20,4,4H,High,2,115,95,385,385
88,48,2,1,18,20,6,6L,Low,1,170,110,140,135
88,48,2,1,19,20,Urchin_Control,U_Cntrl,Urchin_Control,0,20,20,80,80
88,48,2,1,20,20,5,5H,High,2,160,110,270,260
132,48,3,1,1,20,5,5L,Low,1,160,130,210,210
132,48,3,1,2,20,2,2H,High,2,80,40,180,180
132,48,3,1,3,20,1,1H,High,2,60,25,320,320
132,48,3,1,4,20,High_Control,H_Cntrl,High_Control,2,20,20,230,230
132,48,3,1,5,20,3,3L,Low,1,90,80,100,100
132,48,3,1,6,20,4,4L,Low,1,100,80,100,100
132,48,3,1,7,20,6,6H,High,2,200,190,350,350
132,48,3,1,8,20,Low_Control,L_Cntrl,Low_Control,1,20,20,100,95
132,48,3,1,9,20,7,7L,Low,1,240,230,110,110
132,48,3,1,10,20,3,3H,High,2,60,50,305,300
132,48,3,1,11,20,7,7H,High,2,230,230,305,305
132,48,3,1,12,20,Drift_Control,D_Cntrl,Drift_Control,0,110,75,80,80
132,48,3,1,13,20,1,1L,Low,1,60,35,120,120
132,48,3,1,14,20,8,8H,High,2,250,250,230,230
132,48,3,1,15,20,8,8L,Low,1,350,330,140,135
132,48,3,1,16,20,2,2L,Low,1,80,60,90,90
132,48,3,1,17,20,4,4H,High,2,110,100,380,375
132,48,3,1,18,20,6,6L,Low,1,180,160,120,120
132,48,3,1,19,20,Urchin_Control,U_Cntrl,Urchin_Control,0,20,20,80,80
132,48,3,1,20,20,5,5H,High,2,160,130,230,230
45,48,1,2,1,20,3,3L,Low,1,115,60,150,125
45,48,1,2,2,20,Low_Control,L_Cntrl,Low_Control,1,20,20,135,100
45,48,1,2,3,20,4,4L,Low,1,160,105,145,140
45,48,1,2,4,20,5,5H,High,4,200,145,335,330
45,48,1,2,5,20,4,4H,High,4,160,80,285,270
45,48,1,2,6,20,2,2L,Low,1,70,25,135,95
45,48,1,2,7,20,Drift_Control,D_Cntrl,Drift_Control,0,100,45,80,80
45,48,1,2,8,20,7,7L,Low,1,265,200,145,135
45,48,1,2,9,20,8,8L,Low,1,300,250,115,110
45,48,1,2,10,20,7,7H,High,4,255,180,340,340
45,48,1,2,11,20,8,8H,High,4,290,250,240,240
45,48,1,2,12,20,High_Control,H_Cntrl,High_Control,4,20,20,275,140
45,48,1,2,13,20,Urchin_Control,U_Cntrl,Urchin_Control,0,20,20,80,80
45,48,1,2,14,20,6,6L,Low,1,220,140,130,130
45,48,1,2,15,20,5,5L,Low,1,185,120,145,140
45,48,1,2,16,20,3,3H,High,4,130,65,350,350
45,48,1,2,17,20,1,1H,High,4,55,22,330,230
45,48,1,2,18,20,6,6H,High,4,220,130,320,320
45,48,1,2,19,20,1,1L,Low,1,55,24,105,90
45,48,1,2,20,20,2,2H,High,4,80,27,305,265
89,48,2,2,1,20,3,3L,Low,1,100,50,125,120
89,48,2,2,2,20,Low_Control,L_Cntrl,Low_Control,1,20,20,110,85
89,48,2,2,3,20,4,4L,Low,1,165,130,140,140
89,48,2,2,4,20,5,5H,High,4,200,150,330,330
89,48,2,2,5,20,4,4H,High,4,145,100,270,270
89,48,2,2,6,20,2,2L,Low,1,70,25,140,140
89,48,2,2,7,20,Drift_Control,D_Cntrl,Drift_Control,0,110,40,80,80
89,48,2,2,8,20,7,7L,Low,1,245,205,135,135
89,48,2,2,9,20,8,8L,Low,1,295,250,110,110
89,48,2,2,10,20,7,7H,High,4,275,230,340,340
89,48,2,2,11,20,8,8H,High,4,300,250,250,250
89,48,2,2,12,20,High_Control,H_Cntrl,High_Control,4,20,20,300,245
89,48,2,2,13,20,Urchin_Control,U_Cntrl,Urchin_Control,0,20,20,80,80
89,48,2,2,14,20,6,6L,Low,1,225,185,130,130
89,48,2,2,15,20,5,5L,Low,1,195,145,140,140
89,48,2,2,16,20,3,3H,High,4,130,70,360,340
89,48,2,2,17,20,1,1H,High,4,60,25,250,250
89,48,2,2,18,20,6,6H,High,4,220,150,320,320
89,48,2,2,19,20,1,1L,Low,1,55,25,135,100
89,48,2,2,20,20,2,2H,High,4,90,35,255,255
134,48,3,2,1,20,3,3L,Low,1,105,105,120,120
134,48,3,2,2,20,Low_Control,L_Cntrl,Low_Control,1,20,20,155,110
134,48,3,2,3,20,4,4L,Low,1,155,115,140,140
134,48,3,2,4,20,5,5H,High,4,200,190,285,285
134,48,3,2,5,20,4,4H,High,4,150,130,275,275
134,48,3,2,6,20,2,2L,Low,1,70,40,140,140
134,48,3,2,7,20,Drift_Control,D_Cntrl,Drift_Control,0,125,100,80,80
134,48,3,2,8,20,7,7L,Low,1,225,210,120,120
134,48,3,2,9,20,8,8L,Low,1,320,310,125,125
134,48,3,2,10,20,7,7H,High,4,275,250,350,350
134,48,3,2,11,20,8,8H,High,4,315,305,250,250
134,48,3,2,12,20,High_Control,H_Cntrl,High_Control,4,20,20,310,275
134,48,3,2,13,20,Urchin_Control,U_Cntrl,Urchin_Control,0,20,20,80,80
134,48,3,2,14,20,6,6L,Low,1,225,210,130,130
134,48,3,2,15,20,5,5L,Low,1,190,165,130,130
134,48,3,2,16,20,3,3H,High,4,140,110,330,330
134,48,3,2,17,20,1,1H,High,4,60,22,250,190
134,48,3,2,18,20,6,6H,High,4,220,210,270,270
134,48,3,2,19,20,1,1L,Low,1,55,23,155,120
134,48,3,2,20,20,2,2H,High,4,85,50,285,285
44,48,1,3,1,20,2,2H,High,4,90,25,225,190
44,48,1,3,2,20,4,4L,Low,1,155,90,120,120
44,48,1,3,3,20,8,8H,High,4,310,250,290,290
44,48,1,3,4,20,2,2L,Low,1,90,30,120,100
44,48,1,3,5,20,High_Control,HC,High_Control,4,20,20,235,165
44,48,1,3,6,20,7,7L,Low,1,250,195,130,130
44,48,1,3,7,20,1,1L,Low,1,60,25,140,110
44,48,1,3,8,20,Urchin_Control,U_Cntrl,Urchin_Control,0,20,20,80,80
44,48,1,3,9,20,4,4H,High,4,150,75,270,270
44,48,1,3,10,20,Drift_Control,D_Cntrl,Drift_Control,0,200,140,80,80
44,48,1,3,11,20,3,3L,Low,1,125,55,140,140
44,48,1,3,12,20,8,8L,Low,1,300,220,145,145
44,48,1,3,13,20,1,1H,High,4,65,25,280,230
44,48,1,3,14,20,6,6H,High,4,200,130,305,305
44,48,1,3,15,20,3,3H,High,4,115,35,275,275
44,48,1,3,16,20,5,5L,Low,1,175,100,150,150
44,48,1,3,17,20,5,5H,High,4,190,120,300,300
44,48,1,3,18,20,7,7H,High,4,235,160,250,250
44,48,1,3,19,20,6,6L,Low,1,205,145,130,130
44,48,1,3,20,20,Low_Control,L_Cntrl,Low_Control,1,20,20,160,105
90,48,2,3,1,20,2,2H,High,4,95,35,250,220
90,48,2,3,2,20,4,4L,Low,1,165,120,130,125
90,48,2,3,3,20,8,8H,High,4,325,270,305,305
90,48,2,3,4,20,2,2L,Low,1,90,30,170,150
90,48,2,3,5,20,High_Control,HC,High_Control,4,20,20,310,265
90,48,2,3,6,20,7,7L,Low,1,255,190,130,130
90,48,2,3,7,20,1,1L,Low,1,60,25,120,90
90,48,2,3,8,20,Urchin_Control,U_Cntrl,Urchin_Control,0,20,20,80,80
90,48,2,3,9,20,4,4H,High,4,150,100,260,235
90,48,2,3,10,20,Drift_Control,D_Cntrl,Drift_Control,0,180,110,80,80
90,48,2,3,11,20,3,3L,Low,1,125,75,150,125
90,48,2,3,12,20,8,8L,Low,1,310,260,140,140
90,48,2,3,13,20,1,1H,High,4,65,25,290,260
90,48,2,3,14,20,6,6H,High,4,195,160,300,280
90,48,2,3,15,20,3,3H,High,4,115,60,275,270
90,48,2,3,16,20,5,5L,Low,1,175,130,150,150
90,48,2,3,17,20,5,5H,High,4,190,130,280,280
90,48,2,3,18,20,7,7H,High,4,230,180,250,250
90,48,2,3,19,20,6,6L,Low,1,190,145,115,115
90,48,2,3,20,20,Low_Control,L_Cntrl,Low_Control,1,20,20,130,85
136,48,3,3,1,20,2,2H,High,4,80,40,220,210
136,48,3,3,2,20,4,4L,Low,1,170,150,125,125
136,48,3,3,3,20,8,8H,High,4,325,310,325,325
136,48,3,3,4,20,2,2L,Low,1,90,45,150,150
136,48,3,3,5,20,High_Control,HC,High_Control,4,20,20,295,180
136,48,3,3,6,20,7,7L,Low,1,260,255,120,120
136,48,3,3,7,20,1,1L,Low,1,70,25,110,90
136,48,3,3,8,20,Urchin_Control,U_Cntrl,Urchin_Control,0,20,20,80,80
136,48,3,3,9,20,4,4H,High,4,130,100,225,225
136,48,3,3,10,20,Drift_Control,D_Cntrl,Drift_Control,0,175,145,80,80
136,48,3,3,11,20,3,3L,Low,1,135,120,130,125
136,48,3,3,12,20,8,8L,Low,1,310,280,140,140
136,48,3,3,13,20,1,1H,High,4,60,30,260,240
136,48,3,3,14,20,6,6H,High,4,200,180,260,260
136,48,3,3,15,20,3,3H,High,4,115,75,270,270
136,48,3,3,16,20,5,5L,Low,1,175,160,150,150
136,48,3,3,17,20,5,5H,High,4,170,150,325,325
136,48,3,3,18,20,7,7H,High,4,250,220,250,250
136,48,3,3,19,20,6,6L,Low,1,210,205,125,125
136,48,3,3,20,20,Low_Control,L_Cntrl,Low_Control,1,20,20,145,82
43,48,1,4,1,20,6,6L,Low,1,205,140,120,120
43,48,1,4,2,20,Urchin_Control,U_Cntrl,Urchin_Control,0,20,20,80,80
43,48,1,4,3,20,1,1L,Low,1,60,22,140,110
43,48,1,4,4,20,6,6H,High,4,205,145,290,290
43,48,1,4,5,20,Low_Control,L_Cntrl,Low_Control,1,20,20,140,82
43,48,1,4,6,20,5,5H,High,4,180,135,230,230
43,48,1,4,7,20,High_Control,H_Cntrl,High_Control,4,20,20,275,220
43,48,1,4,8,20,2,2L,Low,1,95,45,120,105
43,48,1,4,9,20,Drift_Control,D_Cntrl,Drift_Control,0,175,120,80,80
43,48,1,4,10,20,8,8L,Low,1,330,270,110,110
43,48,1,4,11,20,7,7L,Low,1,250,180,130,130
43,48,1,4,12,20,3,3H,High,4,115,60,225,215
43,48,1,4,13,20,4,4H,High,4,150,90,260,250
43,48,1,4,14,20,4,4L,Low,1,155,85,135,135
43,48,1,4,15,20,5,5L,Low,1,170,100,115,115
43,48,1,4,16,20,3,3L,Low,1,120,60,105,105
43,48,1,4,17,20,1,1H,High,4,45,22,210,205
43,48,1,4,18,20,7,7H,High,4,255,200,250,250
43,48,1,4,19,20,2,2H,High,4,85,35,250,250
43,48,1,4,20,20,8,8H,High,4,300,230,275,275
87,48,2,4,1,20,6,6L,Low,1,200,160,125,125
87,48,2,4,2,20,Urchin_Control,U_Cntrl,Urchin_Control,0,20,20,NA,NA
87,48,2,4,3,20,1,1L,Low,1,55,25,170,130
NA,48,2,4,4,NA,6,6H,High,4,NA,NA,NA,NA
87,48,2,4,5,20,Low_Control,L_Cntrl,Low_Control,1,20,20,170,100
87,48,2,4,6,20,5,5H,High,4,175,125,250,245
87,48,2,4,7,20,High_Control,H_Cntrl,High_Control,4,20,20,280,195
87,48,2,4,8,20,2,2L,Low,1,85,35,145,125
87,48,2,4,9,20,Drift_Control,D_Cntrl,Drift_Control,0,160,120,80,80
87,48,2,4,10,20,8,8L,Low,1,320,270,120,120
87,48,2,4,11,20,7,7L,Low,1,250,200,135,135
87,48,2,4,12,20,3,3H,High,4,125,75,240,240
87,48,2,4,13,20,4,4H,High,4,150,100,255,255
87,48,2,4,14,20,4,4L,Low,1,160,105,145,145
87,48,2,4,15,20,5,5L,Low,1,180,130,120,120
87,48,2,4,16,20,3,3L,Low,1,130,60,135,120
87,48,2,4,17,20,1,1H,High,4,55,30,270,220
87,48,2,4,18,20,7,7H,High,4,260,215,250,250
87,48,2,4,19,20,2,2H,High,4,75,25,275,275
87,48,2,4,20,20,8,8H,High,4,325,275,275,275
132,48,3,4,1,20,6,6L,Low,1,195,150,125,110
132,48,3,4,2,20,Urchin_Control,U_Cntrl,Urchin_Control,0,20,20,80,80
132,48,3,4,3,20,1,1L,Low,1,55,22,130,130
132,48,3,4,4,20,6,6H,High,4,200,160,315,300
132,48,3,4,5,20,Low_Control,L_Cntrl,Low_Control,1,20,20,130,82
132,48,3,4,6,20,5,5H,High,4,185,140,245,245
132,48,3,4,7,20,High_Control,H_Cntrl,High_Control,4,20,20,330,210
132,48,3,4,8,20,2,2L,Low,1,75,35,155,150
132,48,3,4,9,20,Drift_Control,D_Cntrl,Drift_Control,0,145,120,80,80
132,48,3,4,10,20,8,8L,Low,1,325,300,135,135
132,48,3,4,11,20,7,7L,Low,1,250,230,145,145
132,48,3,4,12,20,3,3H,High,4,120,105,260,230
132,48,3,4,13,20,4,4H,High,4,160,130,265,265
132,48,3,4,14,20,4,4L,Low,1,170,140,150,145
132,48,3,4,15,20,5,5L,Low,1,190,185,120,120
132,48,3,4,16,20,3,3L,Low,1,130,105,120,120
132,48,3,4,17,20,1,1H,High,4,50,22,270,250
132,48,3,4,18,20,7,7H,High,4,270,260,270,270
132,48,3,4,19,20,2,2H,High,4,80,50,275,275
132,48,3,4,20,20,8,8H,High,4,310,300,275,275
18,24,1,5,1,20,1,1H,High,4,40,22,260,240
18,24,1,5,2,20,3,3L,Low,1,60,30,140,140
18,24,1,5,3,20,3,3H,High,4,60,30,250,250
18,24,1,5,4,20,4,4H,High,4,75,45,230,230
18,24,1,5,5,20,4,4L,Low,1,70,50,115,115
18,24,1,5,6,20,Drift_Control,D_Cntrl,Drift_Control,0,70,30,80,80
18,24,1,5,7,20,8,8L,Low,1,120,80,150,150
18,24,1,5,8,20,6,6H,High,4,80,40,215,215
18,24,1,5,9,20,7,7L,Low,1,100,65,125,125
18,24,1,5,10,20,8,8H,High,4,105,65,240,225
18,24,1,5,11,20,5,5L,Low,1,80,55,125,115
18,24,1,5,12,20,1,1L,Low,1,40,22,125,120
18,24,1,5,13,20,Urchin_Control,U_Cntrl,Urchin_Control,0,20,20,NA,NA
18,24,1,5,14,20,2,2L,Low,1,50,30,125,110
18,24,1,5,15,20,Low_Control,L_Cntrl,Low_Control,1,20,20,125,100
18,24,1,5,16,20,5,5H,High,4,80,60,280,280
18,24,1,5,17,20,High_Control,H_Cntrl,High_Control,4,20,20,225,175
18,24,1,5,18,20,6,6L,Low,1,90,45,125,120
18,24,1,5,19,20,7,7H,High,4,105,75,270,230
18,24,1,5,20,20,2,2H,High,4,55,30,270,265
36,24,2,5,1,20,1,1H,High,4,55,30,270,110
36,24,2,5,2,20,3,3H,High,4,65,30,165,105
NA,24,2,5,3,NA,3,3L,Low,1,NA,NA,NA,NA
36,24,2,5,4,20,4,4H,High,4,85,40,230,200
36,24,2,5,5,20,4,4L,Low,1,80,40,130,110
36,24,2,5,6,20,Drift_Control,D_Cntrl,Drift_Control,0,80,35,80,80
36,24,2,5,7,20,8,8L,Low,1,110,80,150,140
36,24,2,5,8,20,6,6H,High,4,90,55,220,215
36,24,2,5,9,20,7,7L,Low,1,100,65,125,110
36,24,2,5,10,20,8,8H,High,4,115,80,225,200
36,24,2,5,11,20,5,5L,Low,1,80,40,130,130
36,24,2,5,12,20,1,1L,Low,1,45,25,130,100
36,24,2,5,13,20,Urchin_Control,U_Cntrl,Urchin_Control,0,20,20,NA,NA
36,24,2,5,14,20,2,2L,Low,1,50,35,110,90
36,24,2,5,15,20,Low_Control,L_Cntrl,Low_Control,1,20,20,100,70
36,24,2,5,16,20,5,5H,High,4,80,55,300,275
36,24,2,5,17,20,High_Control,H_Cntrl,High_Control,4,20,20,230,180
36,24,2,5,18,20,6,6L,Low,1,90,50,120,110
36,24,2,5,19,20,7,7H,High,4,105,60,230,230
36,24,2,5,20,20,2,2H,High,4,65,30,265,240
19,24,1,6,1,20,2,2L,Low,1,70,50,125,125
19,24,1,6,2,20,6,6H,High,4,110,80,215,215
19,24,1,6,3,20,8,8L,Low,1,125,85,135,150
19,24,1,6,4,20,High_Control,H_Cntrl,High_Control,0,20,20,225,195
19,24,1,6,5,20,7,7L,Low,1,115,85,120,120
19,24,1,6,6,20,3,3H,High,4,80,60,280,280
19,24,1,6,7,20,Urchin_Control,U_Cntrl,Urchin_Control,0,20,20,NA,NA
19,24,1,6,8,20,Low_Control,L_Cntrl,Low_Control,1,20,20,130,105
19,24,1,6,9,20,1,1L,Low,1,65,45,130,130
19,24,1,6,10,20,3,3L,Low,1,80,60,145,145
19,24,1,6,11,20,7,7H,High,4,120,90,180,180
19,24,1,6,12,20,1,1H,High,4,65,45,220,210
19,24,1,6,13,20,8,8H,High,4,125,95,240,240
19,24,1,6,14,20,5,5H,High,4,95,75,190,190
19,24,1,6,15,20,Drift_Control,D_Cntrl,Drift_Control,0,100,50,80,80
19,24,1,6,16,20,4,4L,Low,1,90,65,120,120
19,24,1,6,17,20,4,4H,High,4,90,65,220,220
19,24,1,6,18,20,2,2H,High,4,75,45,250,230
19,24,1,6,19,20,6,6L,Low,1,110,75,125,115
19,24,1,6,20,20,5,5L,Low,1,100,60,125,115
37,24,2,6,1,20,2,2L,Low,1,70,45,130,115
37,24,2,6,2,20,6,6H,High,4,110,75,250,225
37,24,2,6,3,20,8,8L,Low,1,120,70,150,140
37,24,2,6,4,20,High_Control,H_Cntrl,High_Control,0,20,20,300,240
37,24,2,6,5,20,7,7L,Low,1,115,70,120,120
37,24,2,6,6,20,3,3H,High,4,75,50,325,295
37,24,2,6,7,20,Urchin_Control,U_Cntrl,Urchin_Control,0,20,20,NA,NA
37,24,2,6,8,20,Low_Control,L_Cntrl,Low_Control,1,20,20,180,130
37,24,2,6,9,20,1,1L,Low,1,65,35,135,125
37,24,2,6,10,20,3,3L,Low,1,80,45,140,130
37,24,2,6,11,20,7,7H,High,4,120,80,225,205
37,24,2,6,12,20,1,1H,High,4,60,30,240,220
37,24,2,6,13,20,8,8H,High,4,125,90,240,215
37,24,2,6,14,20,5,5H,High,4,95,60,230,205
37,24,2,6,15,20,Drift_Control,D_Cntrl,Drift_Control,0,105,55,80,80
37,24,2,6,16,20,4,4L,Low,1,90,50,125,120
37,24,2,6,17,20,4,4H,High,4,90,60,220,220
37,24,2,6,18,20,2,2H,High,4,80,40,230,230
37,24,2,6,19,20,6,6L,Low,1,115,70,115,115
37,24,2,6,20,20,5,5L,Low,1,100,55,115,115
18,24,1,7,1,10,4,4H,High,4,80,70,195,195
18,24,1,7,2,10,4,4L,Low,1,80,70,145,145
18,24,1,7,3,10,1,1H,High,4,50,40,230,230
18,24,1,7,4,10,3,3L,Low,1,70,55,130,130
18,24,1,7,5,10,2,2L,Low,1,60,45,130,120
18,24,1,7,6,10,2,2L,Low,1,60,50,140,140
18,24,1,7,7,10,5,5H,High,4,90,80,205,205
18,24,1,7,8,10,Urchin_Control,U_Cntrl,Urchin_Control,0,20,20,80,80
18,24,1,7,9,10,Low_Control,L_Cntrl,Low_Control,1,20,20,135,120
18,24,1,7,10,10,2,2H,High,4,60,45,230,220
18,24,1,7,11,10,5,5L,Low,1,90,75,110,110
18,24,1,7,12,10,6,6L,Low,1,100,80,120,120
18,24,1,7,13,10,8,8H,High,4,120,95,210,210
18,24,1,7,14,10,6,6H,High,4,100,75,220,215
18,24,1,7,15,10,1,1L,Low,1,50,40,130,130
18,24,1,7,16,10,7,7L,Low,1,110,90,125,125
18,24,1,7,17,10,3,3H,High,4,70,55,210,210
18,24,1,7,18,10,7,7H,High,4,110,85,210,210
18,24,1,7,19,10,High_Control,H_Cntrl,High_Control,4,20,20,235,210
18,24,1,7,20,10,Drift_Control,D_Cntrl,Drift_Control,0,100,80,80,80
36,24,2,7,1,10,4,4H,High,4,80,55,200,200
36,24,2,7,2,10,4,4L,Low,1,85,70,150,150
36,24,2,7,3,10,1,1H,High,4,50,40,240,215
36,24,2,7,4,10,3,3L,Low,1,70,55,130,120
36,24,2,7,5,10,2,2L,Low,1,60,50,120,115
36,24,2,7,6,10,2,2L,Low,1,60,55,150,150
36,24,2,7,7,10,5,5H,High,4,85,75,210,210
36,24,2,7,8,10,Urchin_Control,U_Cntrl,Urchin_Control,0,20,20,80,80
36,24,2,7,9,10,Low_Control,L_Cntrl,Low_Control,1,20,20,110,100
36,24,2,7,10,10,2,2H,High,4,60,45,220,200
36,24,2,7,11,10,5,5L,Low,1,90,70,115,110
36,24,2,7,12,10,6,6L,Low,1,100,85,125,125
36,24,2,7,13,10,8,8H,High,4,120,110,215,215
36,24,2,7,14,10,6,6H,High,4,100,80,215,210
36,24,2,7,15,10,1,1L,Low,1,50,40,130,130
36,24,2,7,16,10,7,7L,Low,1,110,95,125,120
36,24,2,7,17,10,3,3H,High,4,70,60,230,220
36,24,2,7,18,10,7,7H,High,4,110,90,210,200
36,24,2,7,19,10,High_Control,H_Cntrl,High_Control,4,20,20,240,215
36,24,2,7,20,10,Drift_Control,D_Cntrl,Drift_Control,0,100,80,80,80
18,24,1,8,1,10,4,4H,High,4,60,55,215,215
18,24,1,8,2,10,8,8L,Low,1,100,80,125,125
18,24,1,8,3,10,1,1H,High,4,30,25,215,215
18,24,1,8,4,10,8,8H,High,4,100,85,215,215
18,24,1,8,5,10,4,4L,Low,1,60,55,130,130
18,24,1,8,6,10,High_Control,H_Cntrl,High_Control,4,20,20,235,220
18,24,1,8,7,10,3,3H,High,4,50,45,245,245
18,24,1,8,8,10,Urchin_Control,U_Cntrl,Urchin_Control,0,20,20,80,80
18,24,1,8,9,10,5,5H,High,4,70,55,180,180
18,24,1,8,10,10,3,3L,Low,1,50,40,120,110
18,24,1,8,11,10,5,5L,Low,1,70,60,120,120
18,24,1,8,12,10,1,1L,Low,1,30,25,120,110
18,24,1,8,13,10,2,2H,High,4,40,35,210,205
18,24,1,8,14,10,8,8L,Low,1,95,75,120,120
18,24,1,8,15,10,Drift_Control,D_Cntrl,Detritus_Control,0,45,35,80,80
18,24,1,8,16,10,7,7H,High,4,90,75,200,200
18,24,1,8,17,10,6,6H,High,4,80,70,180,170
18,24,1,8,18,10,7,7L,Low,1,90,75,125,125
18,24,1,8,19,10,Low_Control,L_Cntrl,Low_Control,1,20,20,115,105
18,24,1,8,20,10,6,6L,Low,1,85,70,110,110
37,24,2,8,1,10,4,4H,High,4,60,50,225,225
37,24,2,8,2,10,8,8L,Low,1,100,85,140,140
37,24,2,8,3,10,1,1H,High,4,35,30,210,200
37,24,2,8,4,10,8,8H,High,4,100,85,225,225
37,24,2,8,5,10,4,4L,Low,1,60,50,145,135
37,24,2,8,6,10,High_Control,H_Cntrl,High_Control,4,20,20,220,195
37,24,2,8,7,10,3,3H,High,4,50,40,250,240
37,24,2,8,8,10,Urchin_Control,U_Cntrl,Urchin_Control,0,20,20,80,80
37,24,2,8,9,10,5,5H,High,4,75,60,180,180
37,24,2,8,10,10,3,3L,Low,1,55,40,150,115
37,24,2,8,11,10,5,5L,Low,1,70,65,130,125
37,24,2,8,12,10,1,1L,Low,1,35,30,110,110
37,24,2,8,13,10,2,2H,High,4,40,35,205,205
37,24,2,8,14,10,8,8L,Low,1,95,80,120,115
37,24,2,8,15,10,Drift_Control,D_Cntrl,Drift_Control,0,55,40,80,80
37,24,2,8,16,10,7,7H,High,4,90,80,215,210
37,24,2,8,17,10,6,6H,High,4,85,70,195,185
37,24,2,8,18,10,7,7L,Low,1,90,75,125,125
37,24,2,8,19,10,Low_Control,L_Cntrl,Low_Control,1,20,20,120,110
37,24,2,8,20,10,6,6L,Low,1,80,70,115,110
